Your Question,Upload Image (Optional),Answer,Related Links,timestamp
When is the TDS Sep 2025 end-term exam?,,"ðŸ“š **Context:**
Clarification on Passing Criteria for TDS â€“ January 2025 Term
best first weekly ga final course score t gaa roe p p f final t or less depending on any certificates for disabilitiesscstob etc
---
Revised dates [TDS Jan 2025]
a few updates on dates hope this eases pressure a little graded assignment moved from feb to feb submission date moved from mar to mar project moved from feb to mar submission date moved from mar to mar graded assignment moved from feb to mar submission date moved from mar to mar project results will be released by mar the tds course page now reflects these dates
---
End term TDS
any question papers for preparations and on what basis the questions would come
---
Remote Online Exam [TDS Jan 2025]
not available yet at the exam portal
---
Tds roe exam date shift
sir i understand but it will badly affects our cgpa

ðŸ¤– **Answer:**
Based on the above, your question was: 'When is the TDS Sep 2025 end-term exam?'.",ðŸ”— No related links found.,2025-06-11 12:23:24.210159
